epoch,train_loss,train_acc,train_f1,train_specificity,train_precision,train_recall,val_loss,val_acc,val_auc,val_f1,val_specificity,val_precision,val_recall
1,0.6864857342976927,0.5625931445603577,0.6022193045614332,0.46483680912746655,0.5540445760598504,0.659569533351888,0.6673129387199879,0.5807849133537207,0.6207815552930068,0.6272377067754362,0.45616717635066256,0.5646674826601387,0.7054026503567788
