epoch,train_loss,train_acc,train_f1,train_specificity,train_precision,train_recall,val_loss,val_acc,val_auc,val_f1,val_specificity,val_precision,val_recall
1,0.9266169556114146,0.5264088877855015,0.4784703711297929,0.4628231632250122,0.37711099738734616,0.6543440669252699,0.8856016420151877,0.5629176577188809,0.6289751339558532,0.5048755452912497,0.5101087325857968,0.40558647701504846,0.6685355079850492
2,0.9152175554452611,0.5316068768619663,0.5114186291170997,0.43044998834227094,0.3927461655107266,0.7328601911123481,0.8785239563903947,0.5812096500169894,0.6587568086311801,0.5231800889805919,0.5271831464492015,0.4215940974748,0.6892626571525654
3,0.9077564373005703,0.5449509682224429,0.510228961739508,0.4603660658361751,0.3963879806943796,0.7158052574855911,0.8605069510530734,0.6494506739155057,0.6899956417948497,0.5187373658839993,0.6907917091403329,0.4782110091743119,0.5667686034658511
4,0.8902415740188089,0.5862245531281033,0.5251179770278692,0.5368678629690049,0.42591790160903603,0.6845575262327049,0.8172984226890232,0.7174085400385095,0.7175618161422216,0.498189863234111,0.8656982670744139,0.6103992114342041,0.42082908596670066
5,0.8725133931417807,0.6236345580933466,0.5277074652439737,0.6179916026815746,0.4514141044005463,0.6350344439758189,0.8001669716575871,0.7315097972590328,0.733308267664398,0.5204814402751087,0.8786952089704383,0.6430892276930767,0.4371389738362215
6,0.8612501272911348,0.6444730635551142,0.540683572216097,0.6520748576078113,0.47399128356530296,0.6292166285634302,0.783672842696525,0.7387020047570506,0.7482144968352717,0.534503631961259,0.8830275229357798,0.657973174366617,0.45005096839959224
7,0.8504133828524445,0.6589343346573983,0.5403868269733403,0.683991202685496,0.4863013698630137,0.6080082811838329,0.7780205867104772,0.7350775852304904,0.7479903952074349,0.5409224730127576,0.8685015290519877,0.6403345724907064,0.4682296975874958
